# Entidades

Insert into Visitante values ('117.131.130.161', 15.468750, -16.945478);
Insert into Visitante values ('114.58.206.222', 42.832427, 101.953125);
Insert into Visitante values ('83.178.96.196', -10.113873, -48.515625);
Insert into Visitante values ('251.85.162.72', 19.005977, 81.562500);

Insert into Conta values ('fulano@gmail.com', '567890a');
Insert into Conta values ('stevejobs@apple.com', '098765b');
Insert into Conta values ('mc@loma.com', '654321c');
Insert into Conta values ('abcd@cin.ufpe.br', '123456d');

Insert into Rede_Social values (1, 'Twitter');
Insert into Rede_Social values (2, 'Facebook');
Insert into Rede_Social values (3, 'Google+');

Insert into Roteiro_Cultural values (1, 'RioMar Shopping', 'Av. República do Líbano - 251', 'Pina', '-8.086147', '-34.893588')
Insert into Roteiro_Cultural values (2, 'Shopping Recife', 'R. Padre Carapuceiro - 777 ', 'Boa Viagem', '-8.119903', '-34.90451')
Insert into Roteiro_Cultural values (3, 'Paço Alfândega', 'Rua da Alfândega - 35', 'Recife', '-8.064945', '-34.874136')
Insert into Roteiro_Cultural values (4, 'Shopping Boa Vista', 'R. do Giriquiti - 48', 'Boa Vista', '-8.059341', '-34.886984')
Insert into Roteiro_Cultural values (5, 'Shopping Tacaruna', 'Av. Agamenon Magalhães - 153', 'Santo Amaro', '-8.037601', '-34.87224')
Insert into Roteiro_Cultural values (6, 'Plaza Casa Forte', 'R. Dr. João Santos Filho - 255', 'Casa Forte', '-8.036799', '-34.912778')
Insert into Roteiro_Cultural values (7, 'Executive Trade Center', 'Av. Cons. Rosa e Silva - 1460', 'Jaqueira ', '-8.0389277', '-34.9019022')
Insert into Roteiro_Cultural values (8, 'Feira Dom Vital', 'Praça Dom Vital', 'São José', '-8.06785', '-34.878208')
Insert into Roteiro_Cultural values (9, 'Feira Água Fria', 'Rua Uzeda Luna', 'Água Fria', '-8.018861', '-34.895011')
Insert into Roteiro_Cultural values (10, 'Feira de Beberibe', 'Praça da Convenção', 'Beberibe', '-8.037481', '-34.891785')
Insert into Roteiro_Cultural values (11, 'Feira Arruda', 'Rua Ramis Galvão', 'Arruda', '-8.025208', '-34.893689')
Insert into Roteiro_Cultural values (12, 'Feira Encruzilhada', 'Largo da Encruzilhada', 'Encruzilhada', '-8.036735', '-34.891921')
Insert into Roteiro_Cultural values (13, 'Feira Alto do Deodato', 'Rua Alto do Deodato', 'Água Fria', '-8.012372', '-34.89941')
Insert into Roteiro_Cultural values (14, 'Feira Casa Amarela', 'Largo de Casa Amarela', 'Casa Amarela', '-8.026202', '-34.917926')
Insert into Roteiro_Cultural values (15, 'Feira Nova Descoberta', 'Av. Nova Descoberta', 'Nova Descoberta', '-8.000821', '-34.923073')
Insert into Roteiro_Cultural values (16, 'Feira Bomba Grande', 'Av. Inácio Monteiro', 'Cordeiro', '-8.047332', '-34.931098')
Insert into Roteiro_Cultural values (17, 'Feira do Cordeiro', 'Avenida General San Martin - s/n', 'Cordeiro', '-8.052208', '-34.921784')
Insert into Roteiro_Cultural values (18, 'Feira da Várzea', 'Rua Azevedo Coutinho', 'Várzea', '-8.049637', '-34.960032')
Insert into Roteiro_Cultural values (19, 'Feira do Engenho do Meio', 'R. Gov. Lupo Garro', 'Engenho do Meio', '-8.056383', '-34.943758')
Insert into Roteiro_Cultural values (20, 'Feira de Areias', 'Rua Barros Sobrinho', 'Areias', '-8.088718', '-34.934379')
Insert into Roteiro_Cultural values (21, 'Feira da Mustardinha', 'Av. Manoel Gonçalves da Luz', 'Mustardinha', '-8.071074', '-34.918055')
Insert into Roteiro_Cultural values (22, 'Feira de Afogados', 'Estrada dos Remédios - s/n', 'Afogados', '-8.077787', '-34.90709')
Insert into Roteiro_Cultural values (23, 'Feira do Jordão', 'Rua Alberto Lundgren', 'Jordão', '-8.137061', '-34.937023')
Insert into Roteiro_Cultural values (24, 'Feira do Ibura UR – 01', 'Av. Pernambuco', 'Ibura', '-8.118719', '-34.946475')
Insert into Roteiro_Cultural values (25, 'Mercado de São José', 'Praça Dom Vital', 'São Jose', '-8.06806', '-34.87775')
Insert into Roteiro_Cultural values (26, 'Mercado da Boa Vista', 'R. da Santa Cruz', 'Boa Vista', '-8.063192', '-34.888654')
Insert into Roteiro_Cultural values (27, 'Mercado da Madalena', 'R. Real da Torre', 'Madalena', '-8.052439', '-34.908554')
Insert into Roteiro_Cultural values (28, 'Mercado da Encruzilhada', 'R. Carlos Borromeu', 'Encruzilhada', '-8.036873', '-34.892434')
Insert into Roteiro_Cultural values (29, 'Mercado de Casa Amarela', 'Estr. do Arraial', 'Casa Amarela', '-8.026599', '-34.917882')
Insert into Roteiro_Cultural values (30, 'Mercado do Cordeiro ', 'Rua Honório Correia', 'Cordeiro', '-8.051698', '-34.921372')
Insert into Roteiro_Cultural values (31, 'Museu do Homem do Nordeste', 'Av. Dezessete de Agosto - 2187', 'Casa Forte', '-8.030196', '-34.925281')
Insert into Roteiro_Cultural values (32, 'Museu Murilo La Greca', 'R. Leonardo Bezerra Cavalcante - 366', 'Parnamirim', '-8.037325', '-34.909832')
Insert into Roteiro_Cultural values (33, 'Museu da Cidade do Recife', 'Praça das cinco pontas', 'São José', '-8.071313', '-34.880809')
Insert into Roteiro_Cultural values (34, 'Museu Militar', 'Av. Militar - s/n', 'Recife', '-8.052803', '-34.871412')
Insert into Roteiro_Cultural values (35, 'Museu de Arte Moderna Aloísio Magalhães (Mamam)', 'Rua da Aurora - 265', 'Boa Vista', '-8.061285', '-34.881394')
Insert into Roteiro_Cultural values (36, 'Museu Franciscano de Arte Sacra', 'R. Imperador Dom Pedro II - 57', 'Santo Antônio', '-8.062427', '-34.877231')
Insert into Roteiro_Cultural values (37, 'Casa-Museu Magdalena e Gilberto Freyre', 'Rua Jorge Tasso Neto', 'Apipucos', '-8.020598', '-34.938482')
Insert into Roteiro_Cultural values (38, 'Oficina Brennand', 'Propriedade Santos Cosme e Damião - s/n', 'Várzea', '-8.052569', '-34.974795')
Insert into Roteiro_Cultural values (39, 'Instituto Ricardo Brennand (IRB)', 'Alameda Antônio Brennand - s/n', 'Várzea', '-8.065768', '-34.964301')
Insert into Roteiro_Cultural values (40, 'Museu do Estado de Pernambuco', 'Av. Rui Barbosa - 960', 'Graças', '-8.0447749', '-34.901995')
Insert into Roteiro_Cultural values (41, 'Museu da Abolição', 'R. Benfica - 1150', 'Madalena', '-8.0571555', '-34.9090307')
Insert into Roteiro_Cultural values (42, 'Instituto Arqueológico Histórico e Geográfico de Pernambuco', 'Rua do Hospício - 130', 'Boa Vista', '-8.0617337', '-34.8843858')
Insert into Roteiro_Cultural values (43, 'Museu de Arte Popular', 'Pátio de São Pedro - 49', 'São José', '-8.0673105', '-34.8790074')
Insert into Roteiro_Cultural values (44, 'Cais do Sertão', 'Av. Alfredo Lisboa - s/n', 'Recife', '-8.0631633', '-34.8711337')
Insert into Roteiro_Cultural values (45, 'Casa do Carnaval ', 'Pátio de São Pedro - 38', 'São José', '-8.0667877', '-34.8790547')
Insert into Roteiro_Cultural values (46, 'Observatório Cultural Torre Malakoff', 'Praça do Arsenal - s/n', 'Recife', '-8.0631633', '-34.8711337')
Insert into Roteiro_Cultural values (47, 'Sinagoga Kahal Zur Israel', 'Rua do Bom Jesus - 197', 'Recife', '-8.0618594', '-34.8713172')
Insert into Roteiro_Cultural values (48, 'Paço do Frevo', 'Praça do Arsenal da Marinha - s/n', 'Recife', '-8.0613183', '-34.8716376')
Insert into Roteiro_Cultural values (49, 'Memorial Chico Science', 'Pátio de São Pedro - 21', 'São José', '-8.0671216', '-34.8788421')
Insert into Roteiro_Cultural values (50, 'Memorial Luiz Gonzaga', 'Pátio de São Pedro - 35', 'São José', '-8.0672249', '-34.8789283')
Insert into Roteiro_Cultural values (51, 'Museu do Trem', 'R. Floriano Peixoto - s/n', 'São José', '-8.0680447', '-34.8834433')
Insert into Roteiro_Cultural values (52, 'Museu de Artes Afro-Brasil Rolando Toro', 'Rua Mariz e Barros - 328', 'Recife', '-8.0628495', '-34.873079')
Insert into Roteiro_Cultural values (53, 'Ponte da Boa Vista', 'Pte. Boa Vista', 'Boa Vista', '-8.063553', '-34.881926')
Insert into Roteiro_Cultural values (54, 'Ponte Buarque de Macedo', 'Av. Alfredo Lisboa', 'Santo Antônio', '-8.061843', '-34.875618')
Insert into Roteiro_Cultural values (55, 'Ponte Duarte Coelho', 'Av. Conde da Boa Vista - s/n', 'Boa Vista', '-8.062241', '-34.881206')
Insert into Roteiro_Cultural values (56, 'Ponte do Limoeiro', 'Av. Norte Miguel Arraes de Alencar - 106', 'Santo Amaro', '-8.050561', '-34.873074')
Insert into Roteiro_Cultural values (57, 'Ponte Maurício de Nassau', 'Pte. Maurício de Nassau', 'Santo Antônio', '-8.063957', '-34.87566')
Insert into Roteiro_Cultural values (58, 'Ponte Princesa Isabel', 'R. da Aurora', 'Boa Vista', '-8.059809', '-34.879543')
Insert into Roteiro_Cultural values (59, 'Teatro do Parque', 'Rua do Hospício - 81', 'Boa Vista', '-8.062012', '-34.884744')
Insert into Roteiro_Cultural values (60, 'Teatro Barreto Júnior', 'Rua Estudante Jeremias Bastos - s/n', 'Pina', '-8.0932489', '-34.8844612')
Insert into Roteiro_Cultural values (61, 'Teatro de Santa Isabel', 'Praça da República - s/n', 'Santo Antonio', '-8.060695', '-34.878433')
Insert into Roteiro_Cultural values (62, 'Teatro Apolo', 'Rua do Apolo - 121', 'Recife', '-8.0614604', '-34.8725789')
Insert into Roteiro_Cultural values (63, 'Teatro Hermilo Borba Filho', 'Cais do Apolo - s/n', 'Recife', '-8.06183', '-34.872795')
Insert into Roteiro_Cultural values (64, 'Teatro Luiz Mendonça', 'Av. Boa Viagem - s/n', 'Boa Viagem', '-8.141965', '-34.903683')
Insert into Roteiro_Cultural values (65, 'Teatro Boa Vista', 'R. Dom Bôsco  - 551', 'Boa Vista', '-8.0605756', '-34.8935803')
Insert into Roteiro_Cultural values (66, 'Teatro Arraial', 'R. da Aurora - 457', 'Boa Vista', '-8.0599357', '-34.8803492')
Insert into Roteiro_Cultural values (67, 'Teatro Valdemar Oliveira', 'Praça Osvaldo Cruz - 412', 'Soledade', '-8.055285', '-34.8914722')
Insert into Roteiro_Cultural values (68, 'Teatro Alfredo de Oliveira', 'Praça Osvaldo Cruz - 412A', 'Soledade', '-8.0556155', '-34.8918026')
Insert into Roteiro_Cultural values (69, 'Teatro Marco Camarotti', 'R. Treze de Maio - 455 ', 'Santo Amaro', '-8.0496014', '-34.8818494')
Insert into Roteiro_Cultural values (70, 'Teatro Joaquim Cardozo', 'R. Benfica - 157', 'Madalena', '-8.0600654', '-34.901732')
Insert into Roteiro_Cultural values (71, 'Teatro Rio Mar', 'Av. República do Líbano - 251', 'Pina', '-8.0861186', '-34.89483')


# Especializações de conta

Insert into Usuario values ('fulano@gmail.com', 'fulano.png');
Insert into Usuario values ('mc@loma.com', 'mc_loma.png');

Insert into Admin values ('stevejobs@apple.com', 1542);
Insert into Admin values ('abcd@cin.ufpe.br', 5);


# Especializações de roteiro cultural

Insert into Museu values (31, 'Com cerca de 15 mil peças no acervo retratando a formação do povo nordestino, é considerado um dos mais importantes museus antropológicos brasileiros. ', 'http://www.fundaj.gov.br/')
Insert into Museu values (32, 'Os amantes da arte contemporânea conhecerão o acervo de 14 mil desenhos de Murilo La Greca em técnicas diversas. No local, também são guardadas 160 pinturas e cartas trocadas pelo artista com Portinari e Giacometti.', 'http://museumurillolagreca.com.br/')
Insert into Museu values (33, 'Localizado no Forte das Cinco Pontas, construção holandesa de 1630. No local, o visitante pode desfrutar de um extenso acervo de documentos iconográficos sobre o Recife além de 150 mil imagens de antigas residências e peças religiosas.', 'http://www.recife.pe.gov.br/cultura/museucidade.php')
Insert into Museu values (34, 'Localizado no Forte do Brum, no Bairro do Recife. O forte foi construído no século XVI, visando a segurança e proteção da povoação do Recife, além de ter sido cenário de inúmeros acontecimentos históricos. ', 'http://www.7rm.eb.mil.br/index.php/forte-do-brum')
Insert into Museu values (35, 'Integra o circuito de museus de arte moderna do Brasil e tem seu forte nas exposições temporárias.', 'http://www.mamam.art.br/')
Insert into Museu values (36, 'No bairro de Santo Antônio, os visitantes podem observar valiosas peças do catolicismo no Recife e desfrutar da beleza da Capela Dourada, um dos melhores exemplos da arte sacra e do estilo barroco brasileiro, datada de 1696. ', 'http://www.capeladourada.com.br/noticias/museu-franciscano-de-arte-sacra/')
Insert into Museu values (37, 'No bairro de Apipucos, onde o Gilberto Freyre viveu por mais de 40 anos, a casa se encontra totalmente conservada, com objetos móveis e livros exatamente na mesma posição como eram no tempo do escritor. ', 'http://www.fgf.org.br/index.html')
Insert into Museu values (38, 'Na Várzea, a oficina reúne as obras do artista plástico Francisco Brennand, conhecido em várias partes do mundo e considerado um dos expoentes das artes plásticas contemporâneas. O espaço abriga mais de 2 mil esculturas, além de painéis, murais, quadros e desenhos do artista. Outros dois pontos para conferir suas obras são o Parque das Esculturas de Francisco Brennand, no molhe do Porto do Recife, e o Pátio das Esculturas do Shopping Recife, que reúne peças de vários artistas consagrados.', 'http://www.brennand.com.br')
Insert into Museu values (39, 'Na Várzea, o instituto é um castelo medieval que guarda uma fabulosa coleção de armas brancas, telas do Brasil Colonial, obras de arte de diversas épocas e procedências, além da maior coleção privada do pintor holandês Frans Post. Destaque para a escultura de Botero e uma réplica de O pensador de Rodin.', 'http://www.institutoricardobrennand.org.br/')
Insert into Museu values (40, 'No bairro das Graças, este Palacete do século XIX possui um acervo de mais de 14 mil obras sobre arqueologia, cultura indígena, período de ocupação holandesa em Pernambuco, arte sacra, cultura afro-brasileira, e entre outras temáticas da história do estado. Recebe também exposições temporárias.', 'http://hotsites.pernambuco.com/turismo/2012/visite_museu_do_estado/')
Insert into Museu values (41, 'No bairro da Madalena, o museu discute temas sobre escravidão e abolição, visando preservar a memória do povo negro e sua influência na formação da cultura brasileira. Possui sala memorial, miniauditório e sala para exposições temporárias.', 'http://museudaabolicao.museus.gov.br/')
Insert into Museu values (42, 'Centro de referência para pesquisadores de diversas áreas, possui em seu acervo documentos e itens raros que representam a história do estado.', 'http://www.iahgp.com.br/')
Insert into Museu values (43, 'A casa 49 do Pátio de São Pedro abriga o MAP. Sua coleção retrata os estados do nordeste brasileiro através de obras em madeira, gesso e cerâmica (barro).', 'https://museudeartepopular.wordpress.com/')
Insert into Museu values (44, 'Com experiências sensoriais e arquitetura inovadora, o Cais do Sertão apresenta a cultura do homem sertanejo em um ambiente tecnológico e interativo. Objetos do cotidiano, discos e instrumentos musicais estão presentes em seu acervo. O visitante tem a oportunidade de tocar alguns instrumentos, cantar em cabines de karaokê, além de contemplar uma réplica do Rio São Francisco e a arte da xilogravura.', 'www.caisdosertao.com.br')
Insert into Museu values (45, 'Espaço destinado a pesquisas sobre as manifestações da cultura popular, com acervo de livros periódicos, teses, cartas, partituras, fotografias, notas de jornal, e entre outros documentos.', 'http://casadocarnaval.blogspot.com.br/')
Insert into Museu values (46, 'Observatório astronômico do século XIX, funciona também como centro cultural, abrigando exposições temporárias.', 'https://www.facebook.com/TorreMalakoffOnline/')
Insert into Museu values (47, 'Primeira singagoga das Américas, funciona atualmente o Centro Judaico de Pernambuco. Escavações arqueológicas, exposição de itens e documentos proporcionam o contato do visitante com a história do judeus no Recife.', 'http://www.kahalzurisrael.com/')
Insert into Museu values (48, 'Espaço cultural no bairro do Recife, conta através de seu ambiente toda a história da dança e ritmo Frevo. Dedicado à formação e pesquisa, possui escola de dança e música, além de um centro de documentação.', 'http://www.pacodofrevo.org.br/')
Insert into Museu values (49, 'Buscando resgatar a obra do artista Chico Science, o Memorial localizado no Pátio de São Pedro abriga exposições, espaço para pesquisa e alguns eventos, como a Semana Chico Science no mês de março, que proporciona um momento de reflexão sobre o movimento Manguebeat.', 'http://www.recife.pe.gov.br/chicoscience/#')
Insert into Museu values (50, 'Com o objetivo preservar e difundir a obra de Luiz Gonzaga, este Memorial se localiza no Pátio de São Pedro, possuindo três núcleos operacionais: núcleo educativo, dedicado à mediação e educação patrimonial; núcleo de pesquisa, proporcionando o acesso a documentos; e o núcleo de Música, o qual trabalha na edição de partituras. Abriga exposição permanente.', 'http://memorialluizgonzaga.blogspot.com.br/')
Insert into Museu values (51, 'Contando a história do trem em Pernambuco, a Estação Central Capiba possui um acervo com peças colhidas nas antigas estações de trens do estado, além de um pátio expondo duas locomotivas do tipo Maria-fumaça e outra movida a óleo diesel.', 'https://www.facebook.com/museudotrempe/')
Insert into Museu values (52, 'Na rua Mariz e Barros do bairro do Recife, o espaço cultural abriga obras sob a perspectiva de um museu dinâmico, promovendo estéticas entre as diversas linguagens artísticas afro-brasileiras em um só ambiente. Algumas peças do acervo ainda estão sendo catalogadas pelo museu junto à UFPE.', 'https://www.facebook.com/museuafrobrasilrolandotoro/')

Insert into Teatro values (59, 'Completado 100 anos em 2015, o teatro se encontra fechado para obras desde 2014.')
Insert into Teatro values (60, 'Primeiro teatro da zona sul da cidade, o local onde funcionava o CineAtlântico recebe espetáculos internacionais e festivais de dança locais.')
Insert into Teatro values (61, 'Primeiro e mais expressivo exemplar de arquitetura neoclássica em Pernambuco, foi idealizado por Francisco do Rego Barros. Atualmente, proporciona visitas guiadas e concertos da Orquestra Sinfônica do Recife, além de espetáculos com temáticas variadas.')
Insert into Teatro values (62, 'Com fachada em mármore de Lisboa, o teatro integra o Centro de Formações e Pesquisas das Artes Cênicas ApoloHermilo. Estilo Neoclássico.')
Insert into Teatro values (63, 'A partir da adaptação de dois armazéns que ficavam nos fundos do Teatro Apolo, surge o teatro Hermilo Borba Filho. Com espaço de configuração flexível, permite ajustes de suas arquibancadas em função do espetáculo. Possui programação com preços populares.')
Insert into Teatro values (64, 'Instalado no Parque Dona Lindu, no bairro de Boa Viagem, o teatro é um dos mais recentes da capital pernambucana e possui um sistema reversível, possibilitando funcionamento tanto para a área interna quanto para a esplanada, em casos de apresentações ao ar livre.')
Insert into Teatro values (65, 'Criado em 2010 nas dependências do Colégio Salesiano, o Teatro Boa Vista dispõe de 800 lugares para o público e recebe festivais de dança, além de peças infantis nacionais.')
Insert into Teatro values (66, 'Localizado na Rua da Aurora, o Teatro Arraial Ariano Suassuna é um equipamento de pequeno porte, com apenas 94 poltronas e dois camarins. Em seu acervo, o espaço conta com 150 fonogramas para utilização nos espetáculos, possuindo programação variada e destinada a um público de todas as idades.')
Insert into Teatro values (67, 'No bairro da Soledade, o Teatro Valdemar Oliveira é um espaço moderno de médio porte muito utilizado para peças infantis.')
Insert into Teatro values (68, 'Localizado na Praça Osvaldo Cruz, o espaço de artes cênicas possui programação variada visando todos os públicos.')
Insert into Teatro values (69, 'Pertencente ao Sesc Santo Amaro, o Teatro Marco Camarotti é ativo e possui programação variada contemplando públicos de todas as idades.')
Insert into Teatro values (70, 'Localizado no Casarão do Centro Cultural Benfica, no bairro da Madalena, o teatro possui apenas 50 lugares com o intuito de oferecer um contato maior entre artista e público.')
Insert into Teatro values (71, 'Pertencente ao Shopping Rio Mar, o teatro possui capacidade para 696 espectadores e conta com equipamentos, sistemas de áudio e de iluminação de alta qualidade. É acessível para cadeirantes e pessoas com dificuldade de locomoção.')

Insert into Mercado_Publico values (25, 'Inspirado no mercado público de Grenelle, em Paris, foi inaugurado em 1875. Sua arquitetura em ferro é típica do século XIX. É um dos monumentos pernambucanos, reconhecido e tombado pelo Instituto do Patrimônio Histórico e Artístico Nacional (Iphan) como patrimônio da cultura brasileira. Artesanato em barro, corda e palha fazem do mercado um polo de atração turística. É, também, ponto tradicional do comércio de pescado.')
Insert into Mercado_Publico values (26, 'Não se sabe ao certo data em que foi inaugurado, mas há registros de que já existia em 1889. Possui 63 boxes, que comercializam cereais, verduras, frutas e legumes, carnes, aves e frios, além de ervas e armarinhos. Sua fama, porém, vem da comida regional servida nos bares no café da manhã, almoço e jantar.')
Insert into Mercado_Publico values (27, 'Construído em 1925, é ponto de encontro de boêmios. Aqui você pode tomar a saideira e recuperar as energias gastas nas noitadas com um bom cuscuz com bode guizado, sarapatel e outros pratos fortes da cozinha regional.')
Insert into Mercado_Publico values (28, 'É um modelo de obra arquitetônica no Brasil da década de 50. Nele, é possível encontrar frutas, verduras, cereais, miudezas em geral, artesanato, frios, carnes e aves. Destaque para a carne de sol e para a linguiça de porco caseira, uma das melhores da capital.')
Insert into Mercado_Publico values (29, 'Inaugurado em 1930, as estruturas que sustentam a construção foram trazidas de bonde pela empresa Borrione, dois anos antes. Com oferta de produtos diversificada em seus boxes, os bares e restaurantes populares, na parte externa do mercado, são as principais atrações. ')
Insert into Mercado_Publico values (30, 'Situado no bairro do Cordeiro, foi inaugurado em 1937 e servia como fonte de renda para as famílias da região. Em 2008, um novo mercado foi construído e entregue à população. No local, é possível comprar frutas, açougues, confecções, flores, raízes, armarinho e artesanato, além do serviço de bares e lanchonetes. Parte dos trilhos que passavam em frente ao antigo mercado foi preservada perto da entrada principal.')

Insert into Feira_Livre values (8, 'Quinta a sábado', '6h às 18h', NULL)
Insert into Feira_Livre values (9, 'Todos os dias', '6h às 18h', '6h às 18h')
Insert into Feira_Livre values (10, 'Todos os dias', '6h às 18h', '6h às 18h')
Insert into Feira_Livre values (11, 'Quinta a sábado', '6h às 18h', NULL)
Insert into Feira_Livre values (12, 'Segundas e terças', '6h às 18h', NULL)
Insert into Feira_Livre values (13, 'Domingo', NULL, '6h às 12h')
Insert into Feira_Livre values (14, 'Todos os dias', '6h às 18h', '6h às 18h')
Insert into Feira_Livre values (15, 'Todos os dias', '6h às 18h', '13h às 18h')
Insert into Feira_Livre values (16, 'Quarta e quinta', '6h às 18h', NULL)
Insert into Feira_Livre values (17, 'Quinta a sábado', '6h às 20h', NULL)
Insert into Feira_Livre values (18, 'Quinta a sábado', '6h às 20h', NULL)
Insert into Feira_Livre values (19, 'Sábados e domingos', '6h às 17h', '6h às 17h')
Insert into Feira_Livre values (20, 'Sexta e sábado', '6h às 18h', NULL)
Insert into Feira_Livre values (21, 'Todos os dias', '6h às 18h', '6h às 18h')
Insert into Feira_Livre values (22, 'Todos os dias', '7h às 18h', '7h às 18h')
Insert into Feira_Livre values (23, 'Todos os dias', '8h às 18h', '8h às 18h')
Insert into Feira_Livre values (24, 'Todos os dias', '9h às 18h', '9h às 18h')

Insert into Ponte values (53, 'Feita com trilhos de trem comprados na Inglaterra, sua origem é do tempo dos holandeses. Na década de 40 dos anos de 1600, o conde Maurício de Nassau mandou construí-la para que os moradores pudessem atravessar o rio Capibaribe para o bairro de Santo Antônio. A atual é de 1876. A ponte é tombada pelo Instituto do Patrimônio Histórico e Artístico Nacional (Iphan).')
Insert into Ponte values (54, 'É a ponte mais extensa do Centro do Recife, com 288,30 metros. Sua primeira construção, em 1845, foi em madeira, sendo reconstruída em 1890, recebendo uma estrutura com base de concreto e ferro armado. Em 1923, foi novamente construída, dessa vez com alvenaria.')
Insert into Ponte values (55, 'Sua construção é de 1868, para o tráfego ferroviário dos trens urbanos. A atual é de 1943. Hoje, liga duas das principais avenidas no Centro do Recife (avenidas Conde da Boa Vista e Guararapes). No Carnaval, vira ponto de referência: recebe o galo gigante para o desfile do Galo da Madrugada.')
Insert into Ponte values (56, 'É a última ponte sobre o rio Beberibe antes da sua confluência com o rio Capibaribe. De 1881, sua função era ligar Recife a Limoeiro. Uma nova ponte foi feita em 1966. Dela é possível ter uma visão geral da geografia do Centro do Recife: de um lado, as três ilhas, do outro, Olinda.')
Insert into Ponte values (57, 'Inaugurada em 1643, é a ponte mais antiga da América Latina, sendo a primeira ponte de grande porte do Brasil. Nas colunas da ponte, destaque para as estátuas de bronze, que foram produzidas pela fundição francesa Val D’Osne, que fez a Estátua da Liberdade, de Nova York.')
Insert into Ponte values (58, 'Construída em 1863, dela é possível ter uma das melhores vistas do casario da Rua da Aurora, um dos cartões postais do Recife. Foi a primeira ponte a utilizar ferro em sua estrutura.')

Insert into Centro_de_Compras values (1, 'Localizado na Bacia do Pina, é o shopping mais novo do Recife. Foi inaugurado em 2012, com 410 lojas e uma área bruta locável (ABL) de 101.000 m², em um total de 295.000m² de área construída.', '(81) 3878-0000', 'http://www.riomarrecife.com.br/', 'Todos os dias', '9h às 22h', '12h às 21h')
Insert into Centro_de_Compras values (2, 'Criado em 1980, foi o primeiro shopping construído em Pernambuco, contando, inicialmente, com 72 lojas. Hoje, já passou por quatro ampliações, oferecendo mais de 450 lojas.', '(81) 3464-6000', 'http://www.shoppingrecife.com.br/', 'Todos os dias', '10h às 22h', '12h às 21h')
Insert into Centro_de_Compras values (3, 'Sua estrutura foi construída em 1732, sendo retrato da memória urbana da cidade.  Inicialmente, local era um convento e depois foi transformado em alfândega. O Shopping Paço Alfândega é um centro de compras situado no Bairro do Recife, inaugurado em 2003. Tem uma área bruta locável (ABL) de 19.026 m² e 50.310m² de área construída.', '(81) 3194-2100', 'http://www.pacoalfandega.com.br', 'Todos os dias', '10h às 22h', '12h às 21h')
Insert into Centro_de_Compras values (4, 'Inaugurado em 1998, o Shopping Center Boa Vista é considerado um grande incentivador da revitalização e crescimento do comércio no centro do Recife, visto que está localizado num dos maiores corredores de circulação da cidade, a Avenida Conde da Boa Vista. O centro de compras oferece mais de 200 lojas.', '(81) 3423-5666', 'http://www.shoppingboavista.com.br/', 'Todos os dias', '9h às 21h', '11h às 19h')
Insert into Centro_de_Compras values (5, 'Em 1997, nasceu o primeiro grande shopping das zonas Norte/Oeste da Região Metropolitana do Recife. O público dispõe de todo conforto para percorrer as 240 operações. Conta com 40.716m² de ABL (área bruta locável), sendo 100.093 m² de área construída.', '(81) 3412-6000', 'http://www.shoppingtacaruna.com.br/', 'Todos os dias', '9h às 22h', '12h às 20h')
Insert into Centro_de_Compras values (6, 'Inaugurado em 1998, Em sua estrutura, os visitantes encontram mais de 150 operações entre lojas, quiosques e uma agradável Praça de Alimentação. Hoje, o Plaza recebe diariamente um fluxo médio de 20.000 pessoas, provenientes principalmente de bairros como Casa Forte, Espinheiro, Graças, Parnamirim, Jaqueira, Aflitos e Poço da Panela.', '(81) 3441-8441', 'http://www.plazacasaforte.com.br/', 'Todos os dias', '10h às 22h', '12h às 20h')
Insert into Centro_de_Compras values (7, 'Em fevereiro de 2003, foi inaugurado o Empresarial Executive Trade Center - Shopping ETC, um complexo multiuso composto de salas comerciais e um mix de lojas de compras, lazer e serviços.', '(81) 3243-8256', 'http://www.shoppingetc.com.br/', 'Todos os dias', '9h às 22h', '12h às 20h')


# Atributos multivalorados

Insert into Museu_Telefones values (31, '(81) 3073-6340')
Insert into Museu_Telefones values (32, '(81) 3355-3126')
Insert into Museu_Telefones values (33, '(81) 3355-2812')
Insert into Museu_Telefones values (34, '(81) 3224-4620')
Insert into Museu_Telefones values (35, '(81) 3355-6870')
Insert into Museu_Telefones values (36, '(81) 3224-0530')
Insert into Museu_Telefones values (37, '(81) 3441-2883')
Insert into Museu_Telefones values (38, '(81) 3271-2466')
Insert into Museu_Telefones values (39, '(81) 2121-0352')
Insert into Museu_Telefones values (39, '(81) 2121-0365')
Insert into Museu_Telefones values (40, '(81) 3184-3174')
Insert into Museu_Telefones values (41, '(81) 3228-3248')
Insert into Museu_Telefones values (42, '(81) 3222-4952')
Insert into Museu_Telefones values (43, '(81) 3355-3110')
Insert into Museu_Telefones values (44, '(81) 3089-2974')
Insert into Museu_Telefones values (45, '(81) 3355-4311')
Insert into Museu_Telefones values (45, '(81) 3355-4331')
Insert into Museu_Telefones values (46, '(81) 3184-3180')
Insert into Museu_Telefones values (47, '(81) 3224-8351')
Insert into Museu_Telefones values (48, '(81) 3355-9500')
Insert into Museu_Telefones values (49, '(81) 3355-3158')
Insert into Museu_Telefones values (49, '(81) 3355-3159')
Insert into Museu_Telefones values (50, '(81) 3355-3155')
Insert into Museu_Telefones values (51, '(81) 3184-3197')
Insert into Museu_Telefones values (52, '(81) 9970-8970')

Insert into Teatro_Telefones values (59, '(81) 3355-1553')
Insert into Teatro_Telefones values (60, '(81) 3355-6398')
Insert into Teatro_Telefones values (60, '(81) 3355-6399')
Insert into Teatro_Telefones values (61, '(81) 3355-3323')
Insert into Teatro_Telefones values (61, '(81) 3355-3324')
Insert into Teatro_Telefones values (62, '(81) 3355-3320')
Insert into Teatro_Telefones values (62, '(81) 3355-3321')
Insert into Teatro_Telefones values (63, '(81) 3355-3320')
Insert into Teatro_Telefones values (63, '(81) 3355-3321')
Insert into Teatro_Telefones values (64, '(81) 3355-9821')
Insert into Teatro_Telefones values (64, '(81) 3355-9823')
Insert into Teatro_Telefones values (65, '(81) 2129-5961')
Insert into Teatro_Telefones values (66, '(81) 3184-3057')
Insert into Teatro_Telefones values (67, '(81) 3222-1200')
Insert into Teatro_Telefones values (67, '(81) 3222-1284')
Insert into Teatro_Telefones values (68, '(81) 3222-1284')
Insert into Teatro_Telefones values (69, '(81) 3216-1728')
Insert into Teatro_Telefones values (70, '(81) 2126-7388')
Insert into Teatro_Telefones values (71, '(81) 4003-1212')


# Relacionamentos binários

Insert into Segue values ('fulano@gmail.com', 'stevejobs@apple.com')
Insert into Segue values ('mc@loma.com', 'stevejobs@apple.com')
Insert into Segue values ('abcd@cin.ufpe.br', 'stevejobs@apple.com')
Insert into Segue values ('abcd@cin.ufpe.br', 'mc@loma.com')

Insert into Favorita values ('mc@loma.com', 55)
Insert into Favorita values ('mc@loma.com', 31)
Insert into Favorita values ('mc@loma.com', 57)
Insert into Favorita values ('stevejobs@apple.com', 1)
Insert into Favorita values ('abcd@cin.ufpe.br', 55)
Insert into Favorita values ('abcd@cin.ufpe.br', 1)
Insert into Favorita values ('fulano@gmail.com', 9)
Insert into Favorita values ('fulano@gmail.com', 13)
Insert into Favorita values ('fulano@gmail.com', 57)

Insert into Sugere_Mudanca values ('mc@loma.com', 'stevejobs@apple.com')
Insert into Sugere_Mudanca values ('fulano@gmail.com', 'stevejobs@apple.com')
Insert into Sugere_Mudanca values ('fulano@gmail.com', 'abcd@cin.ufpe.br')

Insert into Modificacao values ('mc@loma.com', 'stevejobs@apple.com', 55)
Insert into Modificacao values ('fulano@gmail.com', 'abcd@cin.ufpe.br', 13)


# Relacionamentos ternários

Insert into Compartilha values ('mc@loma.com', 55, 1)
Insert into Compartilha values ('mc@loma.com', 32, 2)
Insert into Compartilha values ('mc@loma.com', 63, 3)
Insert into Compartilha values ('mc@loma.com', 21, 3)
Insert into Compartilha values ('mc@loma.com', 47, 2)
Insert into Compartilha values ('mc@loma.com', 76, 1)
Insert into Compartilha values ('stevejobs@apple.com', 55, 1)
Insert into Compartilha values ('stevejobs@apple.com', 56, 1)
Insert into Compartilha values ('stevejobs@apple.com', 55, 2)
Insert into Compartilha values ('fulano@gmail.com', 33, 3)
Insert into Compartilha values ('abcd@cin.ufpe.br', 26, 2)